Name,Gender,Age,Math,Science,English,Attendance,StudyHours,PreviousMarks,Target
Olivia0,Female,21.0,26.0,29.0,88.0,56.0,6.0,94.0,0
Allen1,Male,16.0,31.0,75.0,73.0,54.0,4.0,31.0,1
Sophia2,Male,17.0,100.0,100.0,94.0,53.0,10.0,94.0,1
Noah3,Male,16.0,91.0,37.0,57.0,76.0,,89.0,1
John4,Male,16.0,94.0,93.0,44.0,73.0,2.0,90.0,1
John5,Male,19.0,88.0,74.0,60.0,79.0,10.0,78.0,1
Olivia6,Male,21.0,51.0,30.0,93.0,69.0,9.0,83.0,1
Olivia7,Female,20.0,29.0,35.0,85.0,76.0,3.0,63.0,0
Emma8,Female,16.0,29.0,91.0,,100.0,6.0,63.0,1
Olivia9,Female,16.0,31.0,54.0,80.0,94.0,2.0,27.0,0
David10,Female,18.0,400.0,64.0,22.0,79.0,6.0,41.0,0
Mia11,Male,17.0,56.0,36.0,51.0,75.0,7.0,83.0,0
John12,Female,20.0,55.0,37.0,75.0,85.0,5.0,73.0,1
Olivia13,Female,,39.0,30.0,42.0,59.0,4.0,49.0,0
Allen14,Male,18.0,56.0,20.0,38.0,76.0,9.0,67.0,0
Mia15,Male,21.0,,99.0,26.0,79.0,9.0,70.0,1
Noah16,Male,19.0,71.0,27.0,44.0,54.0,4.0,76.0,0
Emma17,Male,16.0,20.0,92.0,39.0,84.0,2.0,66.0,0
Mia18,Male,20.0,68.0,39.0,52.0,72.0,10.0,66.0,1
Liam19,Female,19.0,,81.0,59.0,55.0,3.0,33.0,1
Olivia20,Female,22.0,40.0,86.0,22.0,63.0,9.0,66.0,1
Emma21,Male,22.0,87.0,58.0,31.0,94.0,5.0,86.0,1
Olivia22,Female,22.0,48.0,88.0,89.0,99.0,9.0,62.0,1
Sarah23,Male,22.0,50.0,71.0,49.0,62.0,9.0,83.0,1
Olivia24,Male,22.0,55.0,80.0,53.0,62.0,,64.0,1
Liam25,Female,18.0,30.0,48.0,33.0,64.0,8.0,45.0,0
Olivia26,Male,19.0,,30.0,35.0,74.0,4.0,81.0,0
Emma27,Female,16.0,,79.0,71.0,,2.0,40.0,1
Emma28,Male,17.0,-30.0,79.0,38.0,89.0,10.0,80.0,1
Olivia29,Male,16.0,21.0,33.0,87.0,97.0,3.0,75.0,0
Sarah30,Male,16.0,52.0,47.0,57.0,82.0,4.0,95.0,0
Olivia31,Female,22.0,36.0,27.0,65.0,79.0,10.0,86.0,0
Noah32,Male,20.0,39.0,87.0,85.0,51.0,8.0,43.0,1
Mia33,Male,17.0,38.0,80.0,99.0,96.0,2.0,91.0,1
Allen34,Female,22.0,33.0,-30.0,27.0,65.0,4.0,55.0,0
Allen35,Female,,23.0,28.0,76.0,70.0,10.0,,0
Mia36,Female,19.0,85.0,88.0,81.0,82.0,4.0,86.0,1
David37,Male,22.0,77.0,37.0,73.0,,7.0,76.0,1
Olivia38,Male,19.0,29.0,47.0,58.0,100.0,2.0,39.0,0
Olivia39,Male,19.0,48.0,,70.0,81.0,3.0,48.0,0
Emma40,Female,18.0,73.0,45.0,65.0,70.0,2.0,66.0,1
Allen41,Female,19.0,22.0,69.0,62.0,83.0,,57.0,1
Sophia42,Male,22.0,49.0,33.0,30.0,66.0,5.0,25.0,0
Emma43,Male,22.0,74.0,53.0,71.0,59.0,9.0,-30.0,1
Mia44,Female,16.0,55.0,,43.0,77.0,,54.0,0
Allen45,Female,,97.0,48.0,28.0,66.0,2.0,78.0,0
Allen46,Female,18.0,99.0,36.0,25.0,83.0,4.0,34.0,0
Emma47,Male,17.0,59.0,100.0,59.0,83.0,4.0,57.0,1
Liam48,Male,18.0,64.0,22.0,52.0,52.0,1.0,22.0,0
Sophia49,Male,20.0,80.0,51.0,77.0,56.0,,83.0,1
Sophia50,Female,20.0,59.0,,49.0,71.0,4.0,37.0,0
Noah51,Male,22.0,,21.0,29.0,90.0,5.0,75.0,0
Emma52,,22.0,68.0,84.0,,88.0,4.0,57.0,1
Allen53,Male,18.0,77.0,20.0,53.0,73.0,6.0,90.0,0
Olivia54,Female,17.0,65.0,43.0,20.0,,7.0,,0
Liam55,Male,17.0,84.0,20.0,31.0,66.0,2.0,38.0,0
Noah56,Female,16.0,58.0,58.0,100.0,64.0,2.0,94.0,1
Sophia57,Male,21.0,96.0,69.0,61.0,96.0,8.0,39.0,1
David58,Male,16.0,,100.0,74.0,96.0,9.0,37.0,1
Sophia59,Male,22.0,94.0,49.0,30.0,51.0,1.0,37.0,0
Olivia60,Female,22.0,77.0,91.0,26.0,90.0,1.0,100.0,1
Sophia61,Female,18.0,,78.0,28.0,97.0,9.0,88.0,0
John62,Male,21.0,80.0,52.0,29.0,66.0,4.0,46.0,0
Sarah63,Female,19.0,68.0,29.0,81.0,93.0,5.0,25.0,1
Mia64,Male,16.0,96.0,38.0,62.0,66.0,5.0,99.0,1
Mia65,Female,16.0,82.0,54.0,32.0,94.0,4.0,82.0,0
David66,Female,19.0,79.0,79.0,35.0,85.0,4.0,59.0,1
John67,Male,18.0,78.0,29.0,84.0,78.0,5.0,69.0,1
Sarah68,Male,16.0,94.0,31.0,38.0,97.0,9.0,53.0,1
Olivia69,Female,16.0,66.0,49.0,83.0,81.0,7.0,23.0,1
Emma70,Female,21.0,77.0,71.0,58.0,-30.0,3.0,73.0,1
Olivia71,Male,22.0,62.0,20.0,61.0,98.0,6.0,70.0,0
John72,Male,21.0,21.0,57.0,52.0,73.0,2.0,70.0,0
Noah73,Male,18.0,74.0,55.0,26.0,67.0,2.0,26.0,0
David74,Male,,54.0,75.0,85.0,70.0,4.0,67.0,1
Noah75,Female,20.0,90.0,46.0,30.0,53.0,,77.0,1
Mia76,Female,19.0,26.0,90.0,36.0,60.0,,73.0,1
Olivia77,Female,21.0,53.0,71.0,50.0,69.0,8.0,91.0,1
Noah78,Male,16.0,46.0,84.0,83.0,85.0,4.0,77.0,1
Olivia79,Female,19.0,37.0,90.0,44.0,65.0,2.0,42.0,0
Olivia80,Female,17.0,67.0,53.0,92.0,62.0,1.0,72.0,1
Noah81,Male,19.0,54.0,63.0,27.0,81.0,5.0,93.0,0
Olivia82,Male,16.0,54.0,51.0,69.0,75.0,8.0,75.0,1
David83,Male,17.0,24.0,74.0,80.0,87.0,8.0,20.0,1
John84,Female,,51.0,33.0,48.0,59.0,3.0,86.0,0
John85,Female,16.0,90.0,25.0,20.0,100.0,3.0,49.0,0
Mia86,Female,17.0,100.0,52.0,87.0,90.0,7.0,34.0,1
John87,,20.0,44.0,,53.0,64.0,10.0,20.0,1
Allen88,Female,18.0,60.0,51.0,80.0,83.0,4.0,,1
Sarah89,Female,21.0,59.0,27.0,22.0,62.0,8.0,73.0,0
John90,Female,18.0,49.0,83.0,24.0,94.0,6.0,73.0,0
Olivia91,Male,16.0,57.0,84.0,28.0,63.0,8.0,45.0,1
David92,Male,17.0,79.0,48.0,53.0,98.0,5.0,33.0,1
Mia93,Male,17.0,82.0,73.0,27.0,88.0,3.0,70.0,1
Allen94,Male,19.0,26.0,27.0,43.0,75.0,8.0,60.0,0
John95,Male,18.0,44.0,43.0,87.0,97.0,8.0,24.0,1
David96,Female,22.0,67.0,62.0,76.0,60.0,2.0,20.0,1
John97,Female,19.0,35.0,91.0,46.0,,6.0,59.0,1
Noah98,Female,17.0,67.0,89.0,77.0,62.0,6.0,66.0,1
Liam99,Female,17.0,100.0,71.0,25.0,74.0,1.0,79.0,1
John100,Male,18.0,44.0,28.0,97.0,71.0,6.0,54.0,1
Olivia101,Male,18.0,60.0,55.0,58.0,50.0,10.0,28.0,1
Allen102,Male,19.0,79.0,69.0,52.0,77.0,8.0,36.0,1
Liam103,Female,22.0,39.0,97.0,,70.0,6.0,78.0,1
Olivia104,Male,20.0,45.0,70.0,40.0,65.0,7.0,28.0,1
Allen105,Female,17.0,74.0,33.0,29.0,66.0,10.0,30.0,1
Sarah106,Female,21.0,77.0,42.0,49.0,58.0,7.0,78.0,1
Mia107,Male,21.0,88.0,35.0,57.0,68.0,5.0,92.0,1
David108,Female,,76.0,51.0,43.0,65.0,4.0,39.0,0
David109,Male,18.0,28.0,70.0,52.0,65.0,9.0,87.0,1
Sarah110,Male,21.0,79.0,24.0,33.0,50.0,8.0,49.0,0
Liam111,Male,18.0,49.0,35.0,26.0,62.0,10.0,94.0,0
Sarah112,Female,20.0,42.0,77.0,97.0,66.0,1.0,33.0,1
Mia113,Female,17.0,24.0,67.0,63.0,59.0,1.0,46.0,0
David114,,21.0,46.0,21.0,61.0,76.0,6.0,43.0,0
Mia115,Male,16.0,83.0,90.0,81.0,54.0,,32.0,1
Noah116,Male,21.0,88.0,31.0,,75.0,5.0,72.0,0
David117,Female,16.0,59.0,92.0,65.0,76.0,7.0,22.0,1
Olivia118,Female,21.0,,46.0,20.0,77.0,3.0,,0
John119,Female,20.0,66.0,78.0,40.0,58.0,1.0,26.0,0
Sophia120,Female,16.0,93.0,99.0,67.0,97.0,9.0,41.0,1
Emma121,Male,20.0,41.0,28.0,33.0,74.0,8.0,45.0,0
David122,Male,19.0,60.0,26.0,97.0,90.0,7.0,31.0,1
Mia123,Male,21.0,48.0,,71.0,89.0,4.0,80.0,1
Emma124,Male,19.0,86.0,40.0,69.0,72.0,2.0,39.0,1
Sarah125,Male,16.0,91.0,24.0,61.0,57.0,7.0,96.0,1
Liam126,Female,21.0,73.0,,94.0,65.0,7.0,69.0,1
Olivia127,Female,17.0,22.0,20.0,99.0,81.0,8.0,50.0,0
Liam128,Female,,42.0,80.0,71.0,56.0,2.0,36.0,1
Olivia129,Male,22.0,76.0,84.0,85.0,92.0,1.0,,1
Emma130,Female,22.0,85.0,30.0,26.0,98.0,9.0,68.0,1
Emma131,Male,20.0,34.0,,36.0,81.0,5.0,41.0,0
Sarah132,Female,20.0,52.0,40.0,61.0,89.0,,78.0,0
Emma133,Female,17.0,95.0,53.0,98.0,82.0,4.0,60.0,1
Olivia134,Male,19.0,40.0,55.0,61.0,74.0,3.0,53.0,0
John135,Male,21.0,66.0,77.0,91.0,83.0,10.0,33.0,1
David136,Female,21.0,67.0,53.0,68.0,73.0,,38.0,1
Olivia137,Male,19.0,-30.0,42.0,98.0,97.0,1.0,57.0,1
Sophia138,Female,21.0,20.0,24.0,48.0,59.0,5.0,-30.0,0
Noah139,Female,16.0,36.0,82.0,49.0,89.0,1.0,,0
Allen140,Female,18.0,33.0,86.0,65.0,84.0,4.0,72.0,1
Mia141,Male,17.0,66.0,99.0,80.0,60.0,3.0,21.0,1
Sarah142,Female,,28.0,38.0,54.0,75.0,5.0,21.0,0
Allen143,Female,20.0,94.0,,97.0,83.0,8.0,51.0,1
Emma144,Male,16.0,88.0,23.0,71.0,61.0,4.0,40.0,1
Allen145,Male,16.0,98.0,90.0,45.0,59.0,7.0,45.0,1
Sophia146,Female,22.0,98.0,42.0,85.0,69.0,2.0,58.0,1
Allen147,Female,21.0,88.0,20.0,68.0,77.0,8.0,30.0,1
Liam148,Male,18.0,49.0,24.0,35.0,71.0,5.0,26.0,0
David149,Female,21.0,86.0,53.0,57.0,91.0,4.0,30.0,1
Sophia150,Female,17.0,45.0,40.0,61.0,62.0,7.0,62.0,0
Mia151,Female,19.0,87.0,,,77.0,4.0,93.0,0
David152,Female,20.0,94.0,29.0,,60.0,3.0,24.0,1
Allen153,Male,18.0,38.0,23.0,23.0,52.0,3.0,25.0,0
John154,Male,22.0,95.0,66.0,45.0,84.0,,69.0,1
John155,Male,16.0,24.0,24.0,31.0,98.0,5.0,81.0,0
John156,Male,18.0,60.0,63.0,74.0,66.0,1.0,64.0,1
David157,Male,21.0,67.0,61.0,97.0,82.0,8.0,56.0,1
Mia158,Female,16.0,75.0,86.0,32.0,72.0,8.0,26.0,1
Sophia159,Male,20.0,56.0,41.0,75.0,50.0,9.0,45.0,1
David160,Male,16.0,64.0,82.0,32.0,81.0,3.0,,1
Mia161,Female,20.0,40.0,56.0,47.0,94.0,4.0,83.0,0
Emma162,Male,19.0,91.0,33.0,100.0,70.0,6.0,32.0,1
Noah163,Male,19.0,23.0,67.0,46.0,69.0,,,0
Sophia164,Female,21.0,49.0,78.0,36.0,84.0,10.0,97.0,1
Allen165,Female,20.0,39.0,77.0,90.0,97.0,6.0,41.0,1
Liam166,Female,20.0,49.0,36.0,62.0,79.0,4.0,,0
Sarah167,Male,21.0,39.0,51.0,61.0,88.0,9.0,64.0,1
Emma168,Male,18.0,,41.0,33.0,62.0,7.0,39.0,0
Emma169,Female,19.0,55.0,45.0,33.0,90.0,2.0,55.0,0
Sarah170,Female,16.0,21.0,71.0,75.0,94.0,4.0,84.0,0
David171,Male,18.0,97.0,71.0,20.0,97.0,4.0,75.0,1
Mia172,Female,22.0,49.0,94.0,49.0,93.0,3.0,35.0,1
Liam173,Female,21.0,32.0,73.0,51.0,100.0,7.0,100.0,1
Emma174,Female,19.0,78.0,22.0,99.0,76.0,9.0,43.0,1
Olivia175,Female,22.0,82.0,33.0,24.0,66.0,9.0,47.0,0
Emma176,Male,20.0,64.0,32.0,93.0,79.0,9.0,46.0,1
Liam177,Female,20.0,63.0,72.0,78.0,63.0,3.0,70.0,1
Sophia178,Male,21.0,999.0,65.0,27.0,66.0,5.0,68.0,1
Noah179,Male,19.0,73.0,100.0,65.0,87.0,5.0,33.0,1
Sarah180,Female,,48.0,70.0,79.0,63.0,400.0,36.0,1
John181,Male,19.0,91.0,48.0,38.0,72.0,7.0,79.0,1
David182,Male,22.0,80.0,65.0,49.0,67.0,7.0,52.0,1
Noah183,Female,16.0,,65.0,51.0,91.0,5.0,61.0,1
Liam184,Male,21.0,66.0,39.0,58.0,74.0,1.0,30.0,0
Mia185,Male,20.0,64.0,94.0,21.0,92.0,1.0,46.0,0
John186,Female,20.0,32.0,94.0,38.0,64.0,3.0,77.0,0
Olivia187,Male,19.0,88.0,41.0,98.0,94.0,10.0,31.0,1
Sophia188,Female,17.0,83.0,47.0,87.0,55.0,8.0,34.0,1
Sophia189,Female,,37.0,80.0,83.0,,1.0,81.0,1
Liam190,Female,17.0,83.0,41.0,89.0,88.0,,40.0,1
Olivia191,Female,,57.0,79.0,67.0,77.0,7.0,29.0,1
Emma192,Male,16.0,98.0,25.0,62.0,56.0,9.0,81.0,1
Liam193,Male,16.0,47.0,73.0,100.0,,6.0,32.0,1
Olivia194,Male,18.0,75.0,63.0,74.0,66.0,9.0,26.0,1
David195,Female,19.0,62.0,84.0,54.0,82.0,6.0,46.0,1
Liam196,Female,17.0,60.0,58.0,36.0,87.0,2.0,25.0,0
Noah197,Female,20.0,93.0,26.0,,69.0,2.0,20.0,1
Allen198,Female,20.0,27.0,84.0,89.0,,7.0,98.0,1
Emma199,Male,17.0,25.0,78.0,-30.0,98.0,3.0,32.0,1
Emma200,Female,22.0,,21.0,67.0,58.0,5.0,91.0,0
David201,Male,19.0,24.0,60.0,22.0,77.0,10.0,94.0,0
Allen202,Male,22.0,35.0,,93.0,,7.0,77.0,1
John203,Female,20.0,95.0,39.0,80.0,99.0,7.0,90.0,1
John204,Female,17.0,39.0,100.0,21.0,77.0,1.0,21.0,0
John205,Male,17.0,35.0,36.0,80.0,51.0,5.0,92.0,0
Sarah206,Male,16.0,66.0,38.0,30.0,68.0,9.0,83.0,0
Liam207,Female,16.0,24.0,21.0,27.0,50.0,10.0,30.0,0
Noah208,Male,22.0,82.0,97.0,,70.0,6.0,93.0,1
Liam209,Male,17.0,34.0,66.0,40.0,90.0,7.0,,0
Noah210,Female,18.0,92.0,62.0,57.0,67.0,1.0,99.0,1
Mia211,Male,22.0,,96.0,59.0,87.0,7.0,51.0,1
Noah212,Female,20.0,49.0,77.0,56.0,94.0,1.0,61.0,0
David213,Male,20.0,25.0,56.0,38.0,86.0,3.0,250.0,0
Sophia214,Female,18.0,88.0,30.0,89.0,85.0,8.0,68.0,1
Sarah215,Male,18.0,97.0,27.0,70.0,79.0,4.0,52.0,1
Mia216,Female,19.0,,31.0,88.0,72.0,2.0,49.0,1
Noah217,Female,22.0,86.0,61.0,81.0,82.0,10.0,45.0,1
Sarah218,Male,17.0,57.0,66.0,93.0,86.0,6.0,71.0,1
Sophia219,Male,16.0,83.0,67.0,33.0,73.0,8.0,30.0,1
Emma220,Male,18.0,55.0,86.0,97.0,51.0,2.0,24.0,1
Sarah221,Female,20.0,,47.0,53.0,99.0,5.0,74.0,1
John222,Male,18.0,24.0,63.0,45.0,61.0,7.0,30.0,0
Allen223,,,78.0,82.0,28.0,,7.0,35.0,1
John224,Male,21.0,31.0,,70.0,61.0,8.0,40.0,1
Olivia225,Male,17.0,999.0,999.0,,53.0,9.0,23.0,1
Allen226,Female,16.0,32.0,38.0,60.0,98.0,1.0,45.0,0
David227,Female,22.0,33.0,80.0,61.0,,5.0,69.0,1
John228,Female,17.0,76.0,50.0,38.0,93.0,1.0,79.0,0
Sarah229,Male,22.0,48.0,29.0,99.0,73.0,3.0,77.0,0
John230,Female,,22.0,100.0,29.0,78.0,6.0,61.0,0
Sarah231,Female,17.0,62.0,48.0,27.0,61.0,8.0,90.0,0
Emma232,Male,18.0,73.0,72.0,51.0,59.0,1.0,54.0,1
Mia233,Female,22.0,41.0,53.0,82.0,56.0,6.0,78.0,1
Liam234,Male,21.0,47.0,91.0,81.0,68.0,2.0,52.0,1
Sarah235,Female,18.0,50.0,50.0,32.0,74.0,5.0,73.0,0
Emma236,,18.0,38.0,22.0,76.0,82.0,6.0,85.0,0
Emma237,Female,17.0,66.0,75.0,25.0,76.0,4.0,55.0,0
Mia238,Male,20.0,49.0,42.0,45.0,88.0,2.0,31.0,0
Mia239,Female,17.0,46.0,37.0,98.0,92.0,4.0,,1
David240,Male,,86.0,72.0,27.0,,6.0,62.0,1
David241,Female,16.0,21.0,72.0,81.0,-30.0,5.0,51.0,1
Emma242,Female,16.0,40.0,67.0,93.0,88.0,1.0,65.0,1
Sophia243,Male,16.0,65.0,51.0,61.0,99.0,7.0,93.0,1
Allen244,Male,21.0,83.0,77.0,85.0,51.0,9.0,88.0,1
Emma245,Male,17.0,99.0,43.0,41.0,56.0,5.0,52.0,1
Sophia246,Male,16.0,32.0,44.0,53.0,51.0,10.0,93.0,0
Liam247,Female,16.0,,32.0,42.0,,5.0,35.0,0
Liam248,Female,16.0,35.0,,71.0,58.0,9.0,95.0,1
Sarah249,Male,21.0,93.0,79.0,70.0,60.0,1.0,69.0,1
Noah250,Male,19.0,26.0,66.0,63.0,75.0,250.0,62.0,0
Noah251,Female,22.0,71.0,91.0,26.0,70.0,9.0,38.0,1
Olivia252,Female,21.0,,21.0,66.0,56.0,9.0,43.0,1
John253,Male,20.0,22.0,48.0,37.0,,400.0,78.0,0
Allen254,Male,16.0,99.0,54.0,99.0,67.0,9.0,24.0,1
Mia255,Male,20.0,21.0,75.0,50.0,52.0,5.0,34.0,0
David256,Male,16.0,27.0,96.0,85.0,67.0,2.0,79.0,1
Mia257,Male,19.0,35.0,85.0,36.0,68.0,7.0,93.0,1
David258,Male,21.0,89.0,56.0,78.0,89.0,10.0,48.0,1
Noah259,Female,19.0,90.0,58.0,98.0,80.0,8.0,59.0,1
Allen260,Male,17.0,85.0,89.0,69.0,87.0,7.0,21.0,1
Olivia261,Male,18.0,91.0,61.0,82.0,67.0,5.0,47.0,1
David262,Male,17.0,90.0,28.0,97.0,72.0,8.0,27.0,1
Sophia263,Female,18.0,33.0,86.0,48.0,93.0,3.0,73.0,0
Olivia264,Male,,45.0,98.0,98.0,67.0,9.0,32.0,1
Liam265,Male,19.0,33.0,20.0,72.0,99.0,9.0,94.0,0
John266,Male,19.0,55.0,99.0,97.0,57.0,7.0,77.0,1
Liam267,Female,18.0,65.0,70.0,87.0,85.0,10.0,69.0,1
Olivia268,,22.0,83.0,68.0,76.0,69.0,3.0,88.0,1
David269,Female,20.0,68.0,94.0,49.0,55.0,6.0,61.0,1
Mia270,Female,17.0,74.0,21.0,23.0,53.0,5.0,92.0,0
Liam271,Female,20.0,99.0,75.0,250.0,83.0,7.0,69.0,1
Liam272,Female,19.0,21.0,28.0,87.0,64.0,2.0,72.0,0
Olivia273,Male,17.0,73.0,82.0,71.0,78.0,10.0,95.0,1
Olivia274,Male,17.0,66.0,60.0,66.0,54.0,5.0,85.0,1
Emma275,Female,21.0,63.0,85.0,73.0,90.0,3.0,87.0,1
David276,Male,20.0,44.0,72.0,43.0,53.0,10.0,97.0,1
John277,Male,21.0,72.0,,20.0,69.0,9.0,20.0,0
David278,Male,20.0,21.0,23.0,45.0,61.0,8.0,90.0,0
Mia279,Male,20.0,45.0,72.0,97.0,57.0,3.0,40.0,1
Sophia280,Male,16.0,32.0,29.0,41.0,83.0,8.0,79.0,0
Mia281,Male,21.0,21.0,94.0,61.0,59.0,4.0,65.0,1
David282,Female,21.0,32.0,94.0,28.0,72.0,4.0,77.0,0
Mia283,Male,17.0,70.0,94.0,25.0,78.0,,99.0,1
Sarah284,Male,17.0,95.0,42.0,60.0,50.0,8.0,58.0,1
Noah285,Female,16.0,51.0,69.0,94.0,64.0,7.0,59.0,1
Noah286,Female,16.0,51.0,31.0,42.0,60.0,6.0,68.0,0
Emma287,Female,19.0,91.0,66.0,34.0,,9.0,69.0,1
Olivia288,Male,16.0,,64.0,90.0,65.0,250.0,44.0,1
Liam289,Male,19.0,24.0,55.0,23.0,71.0,3.0,50.0,0
Emma290,Female,20.0,36.0,91.0,76.0,79.0,4.0,40.0,1
Olivia291,Female,19.0,100.0,94.0,46.0,69.0,8.0,84.0,1
Sarah292,Female,21.0,36.0,53.0,96.0,78.0,10.0,67.0,1
Sophia293,Male,17.0,35.0,85.0,31.0,84.0,5.0,69.0,0
Allen294,Male,18.0,21.0,69.0,31.0,94.0,3.0,49.0,0
Olivia295,Male,16.0,91.0,66.0,84.0,98.0,5.0,44.0,1
John296,Male,,56.0,36.0,71.0,68.0,6.0,71.0,1
Liam297,Male,18.0,42.0,23.0,66.0,93.0,6.0,72.0,0
Allen298,Female,17.0,71.0,,100.0,56.0,3.0,57.0,1
John299,Male,21.0,25.0,71.0,25.0,88.0,3.0,75.0,0
Sarah300,Male,19.0,25.0,90.0,59.0,90.0,250.0,92.0,0
Sarah301,Female,19.0,93.0,64.0,20.0,57.0,5.0,25.0,1
Mia302,Male,17.0,34.0,24.0,60.0,63.0,,31.0,0
Noah303,Female,21.0,98.0,48.0,250.0,83.0,2.0,64.0,1
Noah304,Female,21.0,84.0,100.0,100.0,78.0,9.0,26.0,1
Sarah305,Male,19.0,44.0,25.0,91.0,66.0,3.0,89.0,0
Emma306,Male,20.0,53.0,51.0,27.0,60.0,6.0,64.0,0
Noah307,Female,17.0,37.0,82.0,81.0,65.0,4.0,20.0,1
Sophia308,Male,21.0,64.0,58.0,37.0,95.0,3.0,95.0,0
Mia309,Male,20.0,74.0,41.0,39.0,88.0,8.0,71.0,1
Sarah310,Female,16.0,66.0,82.0,46.0,52.0,1.0,55.0,1
David311,Female,19.0,34.0,40.0,61.0,78.0,8.0,92.0,0
Olivia312,Male,16.0,21.0,79.0,82.0,55.0,,92.0,1
David313,Female,19.0,82.0,44.0,89.0,70.0,1.0,65.0,1
John314,Female,21.0,51.0,30.0,37.0,97.0,1.0,23.0,0
Noah315,Female,18.0,43.0,87.0,41.0,56.0,5.0,98.0,1
Olivia316,Female,18.0,49.0,67.0,37.0,85.0,6.0,52.0,0
Sarah317,Male,20.0,100.0,71.0,26.0,63.0,8.0,74.0,1
Liam318,Female,20.0,94.0,100.0,30.0,59.0,4.0,40.0,1
Emma319,Female,16.0,25.0,76.0,81.0,62.0,4.0,67.0,1
Allen320,,22.0,85.0,74.0,38.0,68.0,2.0,27.0,1
Sophia321,Female,16.0,76.0,21.0,42.0,96.0,3.0,68.0,0
David322,,21.0,64.0,92.0,45.0,80.0,2.0,89.0,1
Olivia323,Female,20.0,,,71.0,88.0,10.0,,1
Allen324,Female,20.0,58.0,250.0,93.0,76.0,6.0,81.0,1
Emma325,Female,20.0,23.0,44.0,48.0,93.0,8.0,30.0,0
Emma326,Female,20.0,94.0,73.0,66.0,83.0,4.0,92.0,1
Liam327,Male,17.0,43.0,45.0,90.0,97.0,2.0,48.0,0
David328,Male,20.0,52.0,82.0,49.0,85.0,8.0,,1
Sophia329,Male,21.0,85.0,95.0,92.0,,7.0,29.0,1
Liam330,Male,21.0,,33.0,78.0,,7.0,89.0,1
Emma331,Male,20.0,80.0,31.0,37.0,73.0,10.0,27.0,1
Noah332,Female,16.0,21.0,,47.0,79.0,5.0,35.0,0
Emma333,Male,20.0,45.0,92.0,34.0,96.0,6.0,41.0,1
Olivia334,Female,22.0,21.0,52.0,35.0,,6.0,85.0,0
Sophia335,Female,16.0,97.0,65.0,32.0,72.0,,61.0,1
Mia336,Male,,65.0,44.0,77.0,51.0,10.0,76.0,1
John337,Female,,,53.0,43.0,59.0,9.0,57.0,0
Noah338,Female,20.0,54.0,76.0,21.0,51.0,6.0,39.0,0
Liam339,Male,22.0,24.0,29.0,43.0,89.0,10.0,70.0,0
Liam340,Female,19.0,49.0,98.0,86.0,54.0,6.0,62.0,1
Sophia341,Male,20.0,99.0,25.0,47.0,,6.0,79.0,1
Olivia342,Female,18.0,60.0,20.0,62.0,87.0,8.0,62.0,0
Sarah343,Female,20.0,,100.0,38.0,96.0,3.0,54.0,0
Noah344,Female,18.0,92.0,93.0,87.0,87.0,3.0,24.0,1
Sophia345,Male,22.0,45.0,74.0,93.0,90.0,2.0,66.0,1
David346,Male,22.0,38.0,29.0,58.0,98.0,6.0,66.0,0
Sophia347,Male,18.0,90.0,71.0,62.0,53.0,6.0,61.0,1
Liam348,Male,,50.0,64.0,39.0,58.0,4.0,20.0,0
Liam349,Female,20.0,58.0,41.0,95.0,54.0,,58.0,1
David350,Female,16.0,44.0,94.0,30.0,87.0,3.0,58.0,0
Mia351,Female,18.0,74.0,28.0,82.0,70.0,3.0,55.0,1
David352,Male,21.0,54.0,50.0,22.0,63.0,1.0,71.0,0
Liam353,Female,22.0,84.0,32.0,45.0,,1.0,36.0,0
Mia354,Male,22.0,93.0,,37.0,50.0,4.0,54.0,1
Sophia355,Male,21.0,61.0,23.0,47.0,70.0,6.0,23.0,0
Liam356,Female,17.0,27.0,73.0,25.0,55.0,10.0,62.0,0
Liam357,Female,18.0,79.0,21.0,23.0,70.0,,60.0,0
Allen358,Female,17.0,31.0,22.0,39.0,63.0,3.0,87.0,0
John359,Female,19.0,64.0,88.0,95.0,85.0,3.0,97.0,1
Mia360,Female,22.0,81.0,24.0,59.0,91.0,9.0,78.0,1
Sophia361,Female,17.0,52.0,21.0,91.0,80.0,2.0,66.0,0
Emma362,Male,19.0,31.0,23.0,99.0,58.0,2.0,27.0,0
Sophia363,Male,18.0,97.0,66.0,,,3.0,87.0,1
Allen364,Male,19.0,83.0,47.0,64.0,74.0,8.0,47.0,1
Olivia365,Male,16.0,21.0,28.0,71.0,93.0,6.0,27.0,0
Sarah366,Female,19.0,100.0,48.0,23.0,66.0,1.0,53.0,0
Noah367,Female,17.0,61.0,74.0,,69.0,8.0,47.0,1
Mia368,Female,22.0,,37.0,58.0,68.0,2.0,62.0,0
Allen369,Male,17.0,60.0,98.0,96.0,,4.0,94.0,1
Allen370,Male,22.0,66.0,25.0,76.0,61.0,7.0,37.0,1
David371,Male,17.0,21.0,37.0,58.0,59.0,9.0,65.0,0
John372,Female,21.0,70.0,31.0,73.0,71.0,7.0,62.0,1
Allen373,Male,22.0,100.0,21.0,24.0,58.0,9.0,96.0,1
Sarah374,Male,21.0,22.0,26.0,60.0,54.0,2.0,35.0,0
Liam375,Female,16.0,42.0,48.0,89.0,59.0,9.0,84.0,1
John376,Female,16.0,64.0,47.0,48.0,96.0,2.0,54.0,0
Emma377,Female,16.0,25.0,45.0,,53.0,7.0,91.0,1
Olivia378,Female,21.0,25.0,78.0,89.0,68.0,9.0,62.0,1
Noah379,Female,19.0,74.0,60.0,89.0,76.0,7.0,39.0,1
Noah380,Female,22.0,38.0,20.0,50.0,88.0,9.0,52.0,0
Mia381,Male,22.0,45.0,34.0,31.0,89.0,1.0,26.0,0
Noah382,Female,21.0,76.0,90.0,60.0,79.0,10.0,20.0,1
Liam383,Female,20.0,63.0,95.0,89.0,74.0,4.0,100.0,1
Noah384,Male,19.0,87.0,54.0,98.0,92.0,6.0,29.0,1
Sophia385,Female,18.0,80.0,64.0,86.0,87.0,8.0,93.0,1
Sarah386,Male,22.0,87.0,66.0,87.0,63.0,9.0,41.0,1
Olivia387,Male,17.0,78.0,42.0,25.0,70.0,7.0,66.0,0
Noah388,Male,21.0,52.0,68.0,33.0,73.0,6.0,86.0,0
Sophia389,Male,18.0,70.0,57.0,77.0,94.0,2.0,77.0,1
Liam390,Male,22.0,,39.0,20.0,93.0,3.0,66.0,0
Liam391,Male,20.0,67.0,86.0,63.0,74.0,5.0,22.0,1
Sophia392,Female,16.0,95.0,42.0,59.0,95.0,9.0,55.0,1
Olivia393,Female,,76.0,31.0,,90.0,8.0,,1
Sarah394,Female,20.0,67.0,25.0,76.0,74.0,6.0,,1
David395,Female,21.0,97.0,52.0,,65.0,7.0,94.0,1
Emma396,Male,22.0,94.0,67.0,28.0,92.0,4.0,62.0,1
John397,Female,19.0,70.0,87.0,73.0,81.0,1.0,33.0,1
Mia398,Female,21.0,75.0,73.0,80.0,61.0,2.0,76.0,1
Noah399,Male,21.0,49.0,45.0,71.0,84.0,1.0,57.0,0
Sophia400,Female,,78.0,35.0,31.0,64.0,2.0,93.0,0
Allen401,Male,22.0,47.0,92.0,78.0,53.0,4.0,62.0,1
Liam402,Female,,94.0,37.0,72.0,53.0,3.0,,1
Olivia403,Male,17.0,88.0,55.0,86.0,66.0,2.0,60.0,1
Noah404,Female,,70.0,,73.0,93.0,1.0,59.0,1
David405,Female,,75.0,89.0,52.0,69.0,4.0,36.0,1
Allen406,Female,19.0,82.0,94.0,38.0,73.0,,45.0,1
Liam407,Male,21.0,60.0,21.0,88.0,54.0,,92.0,1
Olivia408,Male,22.0,76.0,57.0,45.0,95.0,4.0,95.0,1
Mia409,Female,17.0,46.0,27.0,43.0,77.0,2.0,26.0,0
Emma410,Male,22.0,96.0,,,50.0,9.0,,1
Liam411,Female,22.0,47.0,88.0,40.0,59.0,4.0,86.0,1
John412,Male,22.0,31.0,26.0,73.0,64.0,5.0,76.0,0
Noah413,Male,21.0,37.0,400.0,-30.0,78.0,,49.0,0
Mia414,Male,18.0,53.0,61.0,90.0,63.0,3.0,49.0,1
Noah415,Female,19.0,39.0,57.0,48.0,91.0,9.0,31.0,1
Sarah416,Male,19.0,62.0,71.0,34.0,52.0,6.0,35.0,1
Sarah417,Male,18.0,82.0,64.0,22.0,98.0,8.0,31.0,1
Sarah418,Female,20.0,94.0,89.0,,62.0,3.0,80.0,1
David419,Male,20.0,58.0,24.0,94.0,88.0,2.0,20.0,0
Olivia420,Male,21.0,58.0,26.0,42.0,71.0,6.0,77.0,0
Liam421,Female,17.0,34.0,58.0,28.0,96.0,9.0,78.0,0
John422,Male,22.0,40.0,96.0,70.0,79.0,1.0,24.0,1
Allen423,Male,19.0,36.0,73.0,93.0,72.0,2.0,67.0,1
Emma424,Male,18.0,,81.0,58.0,59.0,5.0,32.0,0
John425,Male,17.0,83.0,54.0,88.0,84.0,2.0,61.0,1
Liam426,Male,20.0,-30.0,66.0,45.0,68.0,7.0,91.0,1
Sarah427,Male,21.0,88.0,84.0,50.0,56.0,1.0,33.0,1
Allen428,Male,21.0,49.0,31.0,41.0,59.0,,23.0,0
Noah429,Male,18.0,92.0,,30.0,92.0,10.0,47.0,1
Sarah430,Male,22.0,51.0,29.0,96.0,71.0,2.0,25.0,0
Sarah431,Male,22.0,58.0,-30.0,30.0,98.0,8.0,95.0,1
Emma432,Female,22.0,72.0,24.0,31.0,100.0,4.0,38.0,0
Sophia433,Male,22.0,64.0,37.0,46.0,62.0,4.0,62.0,0
John434,Female,16.0,83.0,87.0,62.0,54.0,10.0,28.0,1
Sarah435,Male,22.0,66.0,72.0,31.0,91.0,6.0,94.0,1
Emma436,Female,21.0,83.0,37.0,53.0,94.0,5.0,26.0,1
Liam437,Male,19.0,69.0,85.0,58.0,97.0,10.0,88.0,1
John438,Female,22.0,49.0,50.0,45.0,87.0,8.0,,0
Sarah439,Male,19.0,70.0,100.0,63.0,74.0,7.0,31.0,1
Sarah440,Female,21.0,96.0,74.0,59.0,50.0,5.0,82.0,1
Mia441,Male,22.0,80.0,73.0,72.0,88.0,5.0,78.0,1
Emma442,Male,16.0,65.0,70.0,79.0,89.0,1.0,57.0,1
Olivia443,Female,17.0,76.0,72.0,88.0,65.0,2.0,47.0,1
Allen444,Male,19.0,54.0,62.0,39.0,73.0,3.0,48.0,0
Olivia445,Female,18.0,250.0,60.0,84.0,100.0,10.0,44.0,1
Emma446,Male,16.0,42.0,33.0,51.0,79.0,10.0,-30.0,0
Olivia447,Female,17.0,52.0,73.0,29.0,82.0,10.0,62.0,1
Liam448,Female,18.0,59.0,100.0,68.0,83.0,1.0,83.0,1
Liam449,Male,16.0,35.0,91.0,68.0,78.0,5.0,85.0,1
Emma450,Female,16.0,61.0,81.0,37.0,50.0,5.0,38.0,1
Sarah451,Male,19.0,42.0,95.0,55.0,90.0,4.0,57.0,1
Sophia452,,19.0,30.0,68.0,83.0,,6.0,55.0,1
Olivia453,Female,,26.0,88.0,64.0,,4.0,86.0,1
Allen454,Male,21.0,59.0,26.0,95.0,69.0,7.0,66.0,1
Emma455,Female,,99.0,61.0,,75.0,2.0,53.0,1
Olivia456,Female,22.0,80.0,54.0,34.0,63.0,10.0,77.0,1
Sophia457,Male,22.0,60.0,25.0,,67.0,9.0,80.0,0
Sophia458,Female,22.0,29.0,55.0,70.0,73.0,,87.0,1
David459,Male,18.0,77.0,21.0,25.0,84.0,10.0,59.0,0
Olivia460,Female,18.0,51.0,28.0,90.0,56.0,10.0,72.0,1
John461,Male,21.0,42.0,35.0,71.0,75.0,6.0,999.0,0
Noah462,Female,18.0,43.0,38.0,88.0,97.0,9.0,72.0,1
David463,Female,21.0,28.0,72.0,28.0,82.0,1.0,93.0,0
Sarah464,Female,17.0,93.0,55.0,36.0,59.0,4.0,50.0,1
Sophia465,Female,16.0,68.0,56.0,36.0,91.0,7.0,,1
David466,Female,20.0,47.0,48.0,59.0,56.0,6.0,92.0,0
John467,Male,16.0,61.0,47.0,20.0,79.0,3.0,77.0,0
David468,Female,20.0,91.0,96.0,24.0,52.0,9.0,79.0,1
John469,Female,21.0,63.0,62.0,87.0,,4.0,47.0,1
Sophia470,Male,18.0,93.0,88.0,23.0,64.0,3.0,23.0,1
Sophia471,Female,16.0,100.0,55.0,31.0,87.0,2.0,,1
Noah472,Female,17.0,27.0,67.0,88.0,250.0,5.0,29.0,1
Liam473,Female,19.0,99.0,78.0,44.0,71.0,10.0,44.0,1
John474,Female,22.0,44.0,29.0,86.0,-30.0,8.0,45.0,1
Sarah475,Male,20.0,57.0,22.0,98.0,96.0,1.0,28.0,0
Olivia476,Male,22.0,100.0,88.0,53.0,85.0,6.0,100.0,1
Emma477,Female,18.0,59.0,,25.0,97.0,3.0,65.0,0
Noah478,Female,22.0,33.0,63.0,33.0,59.0,6.0,250.0,0
Liam479,Female,22.0,60.0,80.0,36.0,56.0,9.0,92.0,1
David480,Male,18.0,52.0,22.0,44.0,95.0,5.0,-30.0,0
Noah481,Female,17.0,75.0,37.0,,50.0,2.0,47.0,0
Mia482,Male,16.0,31.0,79.0,,63.0,10.0,999.0,1
John483,Female,20.0,91.0,79.0,82.0,99.0,4.0,20.0,1
Sarah484,Female,19.0,33.0,32.0,95.0,58.0,4.0,76.0,0
Liam485,Female,22.0,28.0,92.0,26.0,80.0,3.0,71.0,0
Sarah486,Female,21.0,80.0,97.0,38.0,57.0,,96.0,1
Noah487,Male,22.0,49.0,20.0,70.0,86.0,4.0,24.0,0
Sarah488,Male,22.0,20.0,24.0,,53.0,7.0,50.0,0
Sarah489,Male,20.0,93.0,72.0,53.0,52.0,3.0,79.0,1
Allen490,Male,22.0,32.0,43.0,38.0,83.0,3.0,98.0,0
Sophia491,Female,16.0,29.0,23.0,91.0,91.0,2.0,84.0,0
Sophia492,Male,,26.0,89.0,98.0,68.0,8.0,70.0,1
Allen493,Male,16.0,43.0,84.0,78.0,63.0,2.0,46.0,1
Noah494,Male,20.0,86.0,65.0,32.0,55.0,4.0,32.0,1
John495,Female,18.0,57.0,38.0,83.0,88.0,10.0,62.0,1
Sarah496,Male,16.0,34.0,96.0,,83.0,7.0,78.0,1
Noah497,Male,22.0,30.0,22.0,27.0,95.0,1.0,37.0,0
Noah498,Male,17.0,99.0,57.0,76.0,66.0,3.0,52.0,1
David499,Male,,68.0,32.0,40.0,78.0,3.0,80.0,0
Mia500,Female,18.0,51.0,21.0,72.0,,1.0,63.0,0
Sarah501,Female,22.0,62.0,20.0,50.0,71.0,2.0,88.0,0
Emma502,Female,19.0,100.0,63.0,,54.0,9.0,35.0,1
Liam503,Male,21.0,88.0,51.0,72.0,83.0,2.0,47.0,1
Sarah504,Male,21.0,53.0,75.0,35.0,61.0,250.0,76.0,1
Mia505,Female,22.0,70.0,51.0,63.0,66.0,1.0,31.0,0
Sarah506,Male,21.0,28.0,96.0,28.0,94.0,7.0,58.0,0
John507,Male,20.0,21.0,29.0,66.0,54.0,3.0,91.0,0
John508,Female,22.0,77.0,42.0,32.0,66.0,5.0,70.0,0
Noah509,Male,19.0,32.0,78.0,63.0,70.0,4.0,23.0,1
Noah510,Male,16.0,46.0,64.0,62.0,67.0,10.0,21.0,1
Sarah511,Male,17.0,95.0,59.0,53.0,61.0,1.0,38.0,1
Liam512,Male,19.0,52.0,31.0,92.0,87.0,4.0,27.0,1
John513,Female,22.0,36.0,65.0,66.0,84.0,3.0,37.0,0
Olivia514,Female,18.0,66.0,41.0,86.0,92.0,,51.0,1
Emma515,Female,22.0,23.0,48.0,44.0,64.0,7.0,66.0,0
Sarah516,Female,18.0,,26.0,32.0,92.0,7.0,67.0,0
Sarah517,Female,19.0,82.0,34.0,34.0,79.0,9.0,82.0,1
John518,Female,19.0,,49.0,74.0,78.0,400.0,35.0,0
Sarah519,Female,19.0,80.0,50.0,63.0,85.0,1.0,29.0,1
Sophia520,Male,20.0,98.0,68.0,34.0,53.0,,87.0,1
Allen521,Male,20.0,60.0,47.0,32.0,55.0,8.0,53.0,0
Liam522,Female,22.0,36.0,29.0,77.0,,6.0,32.0,0
Sarah523,Female,16.0,35.0,80.0,81.0,66.0,3.0,85.0,1
Allen524,Male,21.0,80.0,24.0,88.0,91.0,4.0,83.0,1
Mia525,Female,17.0,69.0,61.0,25.0,73.0,3.0,,0
Allen526,Male,,47.0,24.0,56.0,78.0,3.0,,0
David527,Male,16.0,71.0,23.0,41.0,50.0,6.0,81.0,0
Sarah528,Female,20.0,82.0,47.0,99.0,63.0,4.0,80.0,1
Sarah529,Female,18.0,48.0,61.0,24.0,76.0,3.0,63.0,0
Noah530,Male,20.0,67.0,40.0,50.0,,3.0,97.0,0
David531,Female,20.0,90.0,69.0,37.0,66.0,,91.0,1
John532,Female,17.0,37.0,86.0,37.0,87.0,6.0,27.0,1
Emma533,Male,16.0,94.0,77.0,72.0,66.0,10.0,48.0,1
Emma534,Female,21.0,72.0,32.0,26.0,77.0,2.0,22.0,0
David535,Male,22.0,37.0,73.0,29.0,83.0,7.0,,0
Sophia536,Female,17.0,83.0,87.0,95.0,93.0,6.0,86.0,1
Sophia537,Male,20.0,52.0,93.0,68.0,,5.0,50.0,1
Noah538,Female,21.0,29.0,27.0,99.0,93.0,8.0,47.0,1
Olivia539,Male,19.0,80.0,63.0,43.0,79.0,,49.0,1
Noah540,Male,20.0,72.0,71.0,,97.0,4.0,,1
Olivia541,Female,22.0,66.0,36.0,48.0,90.0,4.0,54.0,0
John542,Male,19.0,98.0,73.0,29.0,80.0,10.0,78.0,1
Olivia543,Female,18.0,75.0,60.0,42.0,80.0,1.0,40.0,0
Noah544,Female,22.0,90.0,46.0,51.0,95.0,10.0,45.0,1
Olivia545,Female,21.0,52.0,40.0,28.0,88.0,8.0,95.0,0
Allen546,Male,20.0,88.0,72.0,91.0,67.0,1.0,28.0,1
Allen547,Male,21.0,51.0,20.0,42.0,64.0,3.0,53.0,0
Sarah548,Male,16.0,31.0,45.0,39.0,80.0,6.0,29.0,0
Sophia549,Female,19.0,81.0,53.0,62.0,53.0,2.0,53.0,1
Emma550,Male,20.0,26.0,53.0,36.0,100.0,6.0,63.0,0
Sophia551,Male,20.0,91.0,26.0,39.0,94.0,7.0,,1
David552,Male,18.0,29.0,80.0,32.0,54.0,10.0,39.0,1
Sarah553,Female,22.0,79.0,49.0,99.0,55.0,8.0,92.0,1
Noah554,Male,20.0,47.0,33.0,78.0,65.0,5.0,84.0,0
Noah555,Female,21.0,27.0,23.0,49.0,96.0,1.0,48.0,0
Sophia556,Female,20.0,44.0,43.0,46.0,69.0,5.0,36.0,0
Emma557,Female,22.0,63.0,59.0,70.0,70.0,9.0,59.0,1
Allen558,Female,,57.0,26.0,,82.0,4.0,39.0,0
Emma559,Male,,23.0,,61.0,57.0,9.0,86.0,0
Olivia560,Female,20.0,59.0,29.0,33.0,92.0,2.0,99.0,0
Noah561,Male,18.0,85.0,48.0,77.0,70.0,,73.0,1
Olivia562,Female,20.0,26.0,33.0,78.0,55.0,5.0,37.0,0
Allen563,Male,16.0,79.0,99.0,24.0,69.0,2.0,63.0,1
Noah564,Male,19.0,32.0,26.0,24.0,68.0,3.0,87.0,0
John565,Female,17.0,,97.0,72.0,60.0,4.0,42.0,1
Noah566,Female,21.0,63.0,66.0,35.0,65.0,8.0,,1
John567,Female,19.0,48.0,43.0,97.0,68.0,8.0,70.0,1
Sarah568,Male,21.0,44.0,82.0,33.0,82.0,6.0,51.0,1
Allen569,Female,,39.0,98.0,61.0,70.0,3.0,63.0,1
Sarah570,Male,22.0,20.0,49.0,93.0,72.0,1.0,52.0,0
Mia571,Male,18.0,49.0,60.0,54.0,73.0,5.0,67.0,0
Mia572,Female,18.0,34.0,49.0,21.0,93.0,7.0,92.0,0
Sarah573,Male,21.0,41.0,39.0,59.0,66.0,9.0,61.0,0
Noah574,Female,17.0,50.0,89.0,63.0,92.0,1.0,64.0,1
Emma575,Male,22.0,89.0,26.0,90.0,79.0,6.0,80.0,1
Liam576,Male,21.0,63.0,66.0,999.0,54.0,2.0,35.0,0
Olivia577,Male,17.0,67.0,29.0,98.0,54.0,8.0,26.0,1
Sarah578,Female,18.0,81.0,68.0,59.0,90.0,10.0,80.0,1
Olivia579,Female,21.0,65.0,93.0,33.0,88.0,10.0,86.0,1
John580,Female,16.0,49.0,46.0,46.0,73.0,9.0,66.0,1
John581,Male,19.0,95.0,92.0,75.0,51.0,3.0,74.0,1
John582,Female,22.0,85.0,65.0,32.0,64.0,10.0,27.0,1
Sarah583,Female,17.0,68.0,29.0,73.0,62.0,6.0,58.0,1
Olivia584,Male,19.0,89.0,84.0,21.0,92.0,3.0,97.0,1
Noah585,Male,17.0,22.0,90.0,34.0,86.0,6.0,26.0,0
Allen586,Male,20.0,47.0,85.0,79.0,59.0,9.0,,1
Emma587,Female,22.0,,74.0,37.0,88.0,5.0,97.0,0
David588,Male,20.0,100.0,79.0,26.0,55.0,1.0,,1
Emma589,Male,20.0,52.0,49.0,86.0,61.0,4.0,97.0,1
Emma590,Male,20.0,34.0,79.0,96.0,95.0,4.0,54.0,1
Noah591,Male,19.0,20.0,76.0,31.0,54.0,,73.0,0
Emma592,Male,21.0,47.0,89.0,63.0,76.0,4.0,45.0,1
Sarah593,Female,18.0,99.0,75.0,58.0,69.0,3.0,47.0,1
Liam594,Male,20.0,60.0,35.0,84.0,68.0,3.0,73.0,1
Liam595,Female,19.0,55.0,,86.0,62.0,8.0,95.0,1
Sophia596,Male,17.0,29.0,65.0,69.0,54.0,7.0,32.0,1
Olivia597,Female,18.0,70.0,400.0,79.0,86.0,9.0,20.0,1
Allen598,Female,18.0,85.0,100.0,71.0,77.0,10.0,58.0,1
Emma599,Male,,38.0,100.0,66.0,,7.0,61.0,1
Mia600,Male,18.0,40.0,90.0,90.0,75.0,3.0,56.0,1
John601,Male,20.0,61.0,81.0,76.0,81.0,5.0,66.0,1
Sophia602,Female,20.0,88.0,,81.0,57.0,6.0,52.0,1
Noah603,Female,16.0,67.0,69.0,28.0,73.0,9.0,21.0,1
David604,Female,22.0,83.0,40.0,68.0,51.0,2.0,44.0,1
Sarah605,Male,17.0,59.0,49.0,48.0,53.0,7.0,,1
John606,Male,17.0,90.0,90.0,31.0,99.0,3.0,75.0,1
Sarah607,Female,22.0,69.0,74.0,31.0,90.0,3.0,,0
Emma608,Male,16.0,27.0,40.0,35.0,52.0,1.0,61.0,0
Emma609,Male,16.0,43.0,45.0,97.0,72.0,4.0,66.0,1
John610,Female,18.0,70.0,72.0,52.0,78.0,4.0,81.0,1
Allen611,Male,17.0,43.0,39.0,64.0,90.0,1.0,77.0,0
Sophia612,Male,22.0,76.0,90.0,93.0,50.0,,76.0,1
Allen613,Female,21.0,400.0,85.0,38.0,,9.0,86.0,1
Emma614,Female,17.0,20.0,84.0,85.0,50.0,6.0,73.0,1
Sarah615,Female,18.0,81.0,94.0,98.0,60.0,6.0,68.0,1
Sarah616,Male,22.0,98.0,20.0,,94.0,6.0,60.0,1
Sophia617,Female,17.0,93.0,89.0,,67.0,2.0,82.0,1
Allen618,Male,20.0,73.0,57.0,95.0,82.0,7.0,20.0,1
John619,Male,16.0,68.0,55.0,34.0,88.0,7.0,76.0,1
David620,Female,21.0,67.0,32.0,24.0,81.0,,,0
John621,Female,22.0,67.0,46.0,85.0,82.0,9.0,74.0,1
Mia622,Female,19.0,60.0,71.0,80.0,57.0,1.0,38.0,1
David623,,21.0,36.0,65.0,68.0,65.0,5.0,84.0,1
Allen624,Male,16.0,30.0,24.0,47.0,79.0,10.0,80.0,0
John625,Female,22.0,,43.0,37.0,91.0,2.0,43.0,0
Sophia626,Male,17.0,48.0,80.0,48.0,66.0,5.0,27.0,1
Sarah627,Female,,28.0,100.0,69.0,84.0,10.0,76.0,1
Sarah628,Female,22.0,60.0,27.0,69.0,64.0,8.0,81.0,1
Sophia629,Female,17.0,86.0,35.0,90.0,70.0,7.0,41.0,1
Emma630,Female,19.0,54.0,92.0,67.0,56.0,9.0,83.0,1
Mia631,Female,16.0,67.0,68.0,34.0,58.0,8.0,94.0,1
David632,Female,20.0,,42.0,60.0,99.0,1.0,60.0,1
Sarah633,Female,19.0,100.0,67.0,92.0,99.0,6.0,81.0,1
Sarah634,Male,18.0,44.0,97.0,44.0,69.0,5.0,51.0,1
Mia635,Male,17.0,90.0,29.0,46.0,82.0,9.0,35.0,1
Sarah636,Female,16.0,44.0,94.0,20.0,67.0,1.0,74.0,0
John637,Female,20.0,21.0,85.0,73.0,72.0,10.0,88.0,1
Emma638,Male,17.0,48.0,33.0,46.0,57.0,5.0,94.0,0
Sophia639,Female,19.0,23.0,28.0,96.0,94.0,7.0,34.0,0
David640,Female,18.0,22.0,23.0,26.0,77.0,10.0,88.0,0
Noah641,Female,20.0,37.0,,67.0,66.0,9.0,38.0,1
Emma642,Male,16.0,,35.0,40.0,69.0,9.0,92.0,1
Mia643,Female,19.0,,89.0,,96.0,,50.0,1
Noah644,Male,17.0,65.0,50.0,250.0,80.0,10.0,69.0,1
Noah645,Male,17.0,26.0,77.0,84.0,65.0,1.0,97.0,0
Emma646,Female,16.0,62.0,31.0,63.0,91.0,2.0,74.0,0
David647,Female,17.0,39.0,42.0,59.0,77.0,6.0,33.0,0
Sophia648,Male,20.0,25.0,83.0,250.0,97.0,3.0,100.0,0
Allen649,Male,18.0,26.0,33.0,86.0,97.0,4.0,85.0,0
Noah650,Male,19.0,,78.0,31.0,65.0,8.0,20.0,1
Sarah651,Male,17.0,72.0,,88.0,93.0,,66.0,1
Olivia652,Female,17.0,24.0,71.0,73.0,,7.0,28.0,1
Emma653,Male,20.0,44.0,53.0,100.0,56.0,7.0,84.0,1
Liam654,Male,21.0,83.0,92.0,77.0,68.0,2.0,95.0,1
Liam655,Male,19.0,75.0,36.0,23.0,94.0,3.0,94.0,0
Allen656,Male,16.0,61.0,50.0,26.0,64.0,10.0,54.0,1
Olivia657,Female,19.0,,40.0,76.0,78.0,,20.0,0
Emma658,Female,22.0,50.0,39.0,53.0,-30.0,2.0,34.0,0
Noah659,Male,16.0,39.0,25.0,65.0,55.0,5.0,95.0,0
Olivia660,Female,21.0,92.0,88.0,999.0,69.0,9.0,46.0,1
Liam661,Male,18.0,65.0,85.0,91.0,87.0,4.0,99.0,1
David662,Male,20.0,22.0,73.0,75.0,92.0,10.0,43.0,1
Allen663,Female,16.0,100.0,77.0,67.0,83.0,,51.0,1
Sophia664,Female,18.0,71.0,400.0,52.0,80.0,6.0,,0
Liam665,Female,19.0,66.0,31.0,66.0,96.0,4.0,49.0,0
Noah666,Female,21.0,66.0,22.0,54.0,85.0,1.0,63.0,0
Olivia667,Female,20.0,87.0,59.0,49.0,71.0,6.0,80.0,1
John668,Male,19.0,33.0,,45.0,67.0,8.0,25.0,0
Emma669,Female,22.0,76.0,,73.0,59.0,6.0,39.0,1
Emma670,Female,18.0,27.0,51.0,62.0,52.0,3.0,26.0,0
Noah671,Male,22.0,67.0,85.0,35.0,,5.0,76.0,1
Sophia672,Female,16.0,70.0,69.0,43.0,74.0,1.0,67.0,0
John673,Female,17.0,24.0,99.0,,63.0,1.0,94.0,0
Mia674,Female,16.0,45.0,,49.0,80.0,10.0,,1
Olivia675,Female,20.0,97.0,31.0,85.0,79.0,2.0,50.0,1
Sarah676,Female,18.0,21.0,49.0,34.0,71.0,7.0,50.0,0
Noah677,Male,19.0,24.0,86.0,90.0,,5.0,80.0,1
Liam678,Male,16.0,68.0,79.0,49.0,88.0,,42.0,1
Mia679,Female,17.0,,,76.0,55.0,5.0,79.0,0
Sarah680,Male,16.0,31.0,43.0,67.0,50.0,7.0,72.0,0
Sophia681,Female,20.0,67.0,41.0,32.0,82.0,9.0,83.0,0
John682,Male,,69.0,65.0,62.0,88.0,10.0,91.0,1
Mia683,Male,20.0,67.0,34.0,66.0,92.0,9.0,61.0,1
Emma684,Male,18.0,40.0,73.0,22.0,73.0,4.0,71.0,0
Allen685,Male,21.0,88.0,77.0,66.0,75.0,5.0,49.0,1
Emma686,Female,17.0,67.0,27.0,23.0,,4.0,61.0,0
Noah687,Female,20.0,80.0,45.0,89.0,61.0,2.0,42.0,1
Emma688,Male,21.0,98.0,41.0,85.0,70.0,5.0,90.0,1
Sophia689,Female,21.0,98.0,34.0,37.0,67.0,,58.0,1
Sarah690,Male,21.0,76.0,,,58.0,6.0,83.0,1
Liam691,Male,22.0,27.0,33.0,30.0,89.0,10.0,24.0,0
Mia692,Male,18.0,28.0,42.0,86.0,51.0,1.0,99.0,0
Sarah693,Female,20.0,,43.0,45.0,70.0,6.0,97.0,0
Allen694,Female,16.0,29.0,22.0,99.0,96.0,2.0,26.0,0
Emma695,Female,,31.0,46.0,76.0,88.0,5.0,90.0,0
Allen696,Female,17.0,59.0,,90.0,80.0,,96.0,1
Emma697,Female,19.0,78.0,45.0,48.0,67.0,5.0,85.0,1
Sarah698,Female,19.0,25.0,48.0,32.0,63.0,8.0,67.0,0
Liam699,Female,16.0,99.0,65.0,71.0,,3.0,64.0,1
Liam700,Female,17.0,87.0,39.0,74.0,61.0,8.0,84.0,1
Sarah701,Male,21.0,51.0,,93.0,56.0,5.0,55.0,1
Olivia702,Female,18.0,68.0,95.0,94.0,63.0,6.0,75.0,1
Allen703,Female,18.0,37.0,90.0,90.0,88.0,10.0,100.0,1
Emma704,Male,18.0,32.0,75.0,79.0,77.0,7.0,44.0,1
John705,Male,20.0,39.0,60.0,48.0,91.0,7.0,69.0,0
David706,Male,21.0,93.0,,40.0,80.0,10.0,88.0,1
Sarah707,Female,22.0,32.0,22.0,,78.0,1.0,92.0,0
John708,Male,22.0,,100.0,96.0,64.0,10.0,,1
Olivia709,Female,22.0,28.0,40.0,59.0,59.0,5.0,,0
John710,,22.0,26.0,45.0,51.0,63.0,2.0,52.0,0
David711,Female,19.0,43.0,52.0,20.0,69.0,8.0,48.0,0
Olivia712,Female,16.0,48.0,21.0,34.0,71.0,2.0,77.0,0
Liam713,Male,17.0,64.0,24.0,60.0,98.0,7.0,,0
Sophia714,Female,19.0,29.0,99.0,85.0,97.0,8.0,75.0,1
Mia715,Female,18.0,42.0,72.0,72.0,63.0,1.0,91.0,0
Sarah716,Male,20.0,85.0,,30.0,93.0,6.0,75.0,0
Allen717,,19.0,100.0,40.0,44.0,80.0,3.0,58.0,1
Noah718,Male,17.0,70.0,20.0,57.0,51.0,7.0,76.0,0
Olivia719,Male,18.0,28.0,36.0,26.0,92.0,2.0,56.0,0
Allen720,Female,22.0,89.0,40.0,34.0,55.0,2.0,58.0,0
Allen721,Female,21.0,42.0,98.0,70.0,90.0,9.0,73.0,1
John722,Female,18.0,,76.0,,56.0,7.0,49.0,1
Noah723,Female,19.0,68.0,70.0,86.0,98.0,9.0,55.0,1
John724,Female,18.0,45.0,39.0,76.0,74.0,10.0,55.0,1
Olivia725,Male,19.0,39.0,54.0,50.0,57.0,9.0,,1
Noah726,Female,21.0,,95.0,76.0,95.0,2.0,33.0,1
John727,Male,22.0,68.0,66.0,36.0,80.0,2.0,22.0,0
Allen728,Male,21.0,30.0,31.0,-30.0,62.0,10.0,86.0,1
John729,Female,19.0,52.0,95.0,50.0,70.0,,92.0,1
John730,Female,,96.0,27.0,,56.0,7.0,28.0,1
Mia731,Female,21.0,83.0,57.0,43.0,86.0,7.0,22.0,1
David732,Female,18.0,90.0,55.0,85.0,55.0,2.0,86.0,1
Liam733,Female,16.0,60.0,85.0,84.0,68.0,5.0,67.0,1
Sarah734,Female,,96.0,50.0,75.0,,5.0,98.0,1
Sarah735,Male,22.0,91.0,21.0,30.0,66.0,3.0,66.0,0
David736,Male,19.0,79.0,42.0,32.0,69.0,2.0,43.0,0
Liam737,Female,16.0,44.0,70.0,70.0,93.0,7.0,45.0,1
Olivia738,Female,19.0,92.0,71.0,85.0,75.0,4.0,69.0,1
Emma739,Female,20.0,79.0,24.0,30.0,65.0,2.0,91.0,0
Emma740,Female,22.0,78.0,80.0,62.0,69.0,10.0,,1
Emma741,Male,17.0,31.0,39.0,92.0,83.0,4.0,81.0,0
Olivia742,Male,17.0,90.0,48.0,62.0,68.0,5.0,30.0,1
David743,Male,19.0,,68.0,79.0,50.0,8.0,,1
Noah744,Male,17.0,71.0,52.0,50.0,51.0,10.0,32.0,1
Liam745,Male,17.0,77.0,56.0,47.0,-30.0,6.0,93.0,1
Allen746,Male,22.0,95.0,22.0,100.0,95.0,10.0,82.0,1
Sophia747,Female,17.0,89.0,79.0,54.0,72.0,7.0,40.0,1
Sarah748,Female,20.0,75.0,44.0,57.0,86.0,6.0,26.0,1
Sophia749,Male,16.0,62.0,52.0,53.0,92.0,5.0,75.0,1
Sophia750,Female,19.0,,60.0,34.0,94.0,10.0,42.0,1
John751,Male,17.0,37.0,46.0,83.0,92.0,6.0,44.0,1
Olivia752,Female,19.0,25.0,100.0,42.0,53.0,3.0,77.0,0
John753,Male,16.0,81.0,72.0,,55.0,7.0,49.0,1
Emma754,Female,17.0,63.0,59.0,100.0,81.0,7.0,70.0,1
Allen755,Male,18.0,24.0,,75.0,62.0,4.0,62.0,1
Allen756,Male,22.0,74.0,82.0,83.0,73.0,2.0,94.0,1
Noah757,Male,19.0,100.0,53.0,72.0,89.0,2.0,83.0,1
Sophia758,Male,19.0,32.0,999.0,33.0,81.0,7.0,84.0,0
Mia759,,20.0,80.0,-30.0,25.0,88.0,7.0,96.0,1
David760,Male,22.0,80.0,51.0,64.0,86.0,8.0,68.0,1
John761,Male,18.0,59.0,89.0,50.0,86.0,7.0,92.0,1
Allen762,Male,20.0,81.0,58.0,88.0,52.0,5.0,21.0,1
Emma763,Male,,51.0,23.0,41.0,66.0,4.0,68.0,0
Sarah764,Female,20.0,95.0,38.0,32.0,65.0,8.0,86.0,1
Noah765,Male,22.0,,42.0,91.0,99.0,5.0,67.0,1
Allen766,Female,16.0,35.0,40.0,20.0,75.0,9.0,28.0,0
Olivia767,Male,19.0,,58.0,89.0,94.0,1.0,94.0,0
John768,Female,20.0,38.0,82.0,35.0,63.0,3.0,59.0,0
Sarah769,Male,22.0,53.0,32.0,43.0,99.0,8.0,86.0,0
Olivia770,Male,17.0,60.0,70.0,38.0,93.0,10.0,77.0,1
David771,Male,17.0,,67.0,39.0,65.0,1.0,35.0,1
Sarah772,Male,18.0,61.0,32.0,56.0,99.0,8.0,89.0,1
Emma773,Male,18.0,71.0,43.0,40.0,63.0,2.0,20.0,0
John774,Female,16.0,36.0,51.0,,92.0,1.0,72.0,0
Liam775,Female,18.0,45.0,50.0,95.0,100.0,7.0,64.0,1
Liam776,Male,19.0,28.0,57.0,73.0,68.0,5.0,35.0,0
Sarah777,Female,18.0,44.0,81.0,58.0,74.0,10.0,31.0,1
John778,Female,22.0,74.0,52.0,83.0,66.0,7.0,33.0,1
Sarah779,Male,20.0,75.0,44.0,20.0,80.0,7.0,63.0,0
Noah780,Male,19.0,39.0,59.0,72.0,82.0,3.0,400.0,0
Olivia781,Female,,95.0,81.0,98.0,89.0,3.0,42.0,1
David782,Male,19.0,23.0,55.0,,81.0,6.0,47.0,1
Noah783,Female,19.0,45.0,31.0,31.0,90.0,4.0,59.0,0
Noah784,Female,20.0,78.0,75.0,,,2.0,48.0,1
John785,Male,20.0,77.0,72.0,64.0,86.0,7.0,100.0,1
Emma786,Female,18.0,52.0,69.0,60.0,81.0,8.0,24.0,1
Liam787,Male,21.0,26.0,40.0,27.0,72.0,5.0,30.0,0
Sarah788,Female,19.0,88.0,72.0,88.0,54.0,1.0,28.0,1
Emma789,Male,19.0,39.0,87.0,58.0,,2.0,38.0,1
Sophia790,Female,17.0,35.0,25.0,30.0,81.0,6.0,24.0,0
Noah791,Female,18.0,77.0,49.0,54.0,61.0,8.0,43.0,1
Emma792,Female,21.0,64.0,37.0,96.0,95.0,7.0,91.0,1
John793,Female,21.0,55.0,,50.0,90.0,2.0,91.0,1
Olivia794,Female,16.0,21.0,76.0,75.0,100.0,6.0,58.0,1
Liam795,Male,,46.0,64.0,91.0,98.0,8.0,93.0,1
Olivia796,Female,16.0,21.0,93.0,23.0,87.0,9.0,69.0,0
Olivia797,Female,22.0,90.0,96.0,46.0,81.0,1.0,80.0,1
Sarah798,Male,21.0,53.0,57.0,37.0,90.0,8.0,99.0,1
Sarah799,Female,20.0,43.0,45.0,,75.0,6.0,22.0,0
John800,Male,20.0,38.0,42.0,72.0,96.0,5.0,34.0,0
Olivia801,Male,16.0,58.0,52.0,85.0,76.0,5.0,78.0,1
David802,Female,18.0,21.0,48.0,62.0,64.0,6.0,45.0,0
Noah803,Female,16.0,59.0,56.0,21.0,82.0,5.0,37.0,0
Sarah804,Female,18.0,35.0,85.0,43.0,999.0,5.0,31.0,0
Mia805,Female,18.0,66.0,87.0,86.0,99.0,,63.0,1
Noah806,Female,20.0,43.0,80.0,83.0,71.0,3.0,51.0,1
David807,Male,17.0,51.0,51.0,,62.0,9.0,50.0,0
Emma808,Female,18.0,83.0,67.0,27.0,,4.0,74.0,1
Sophia809,Male,16.0,63.0,25.0,30.0,67.0,6.0,35.0,0
Liam810,Male,22.0,,32.0,86.0,89.0,3.0,68.0,1
Emma811,Female,19.0,30.0,81.0,63.0,-30.0,7.0,46.0,1
Olivia812,Female,19.0,45.0,45.0,89.0,82.0,2.0,78.0,0
Sarah813,Male,18.0,39.0,,44.0,100.0,9.0,60.0,0
Olivia814,Female,,,25.0,58.0,90.0,7.0,79.0,1
Liam815,Female,18.0,89.0,23.0,44.0,81.0,3.0,30.0,0
Sarah816,Female,17.0,28.0,30.0,87.0,95.0,1.0,97.0,0
Emma817,Female,19.0,96.0,52.0,55.0,51.0,7.0,92.0,1
David818,Female,17.0,79.0,46.0,46.0,65.0,3.0,23.0,0
Mia819,Female,19.0,66.0,20.0,75.0,76.0,1.0,84.0,0
John820,Male,19.0,37.0,83.0,82.0,61.0,3.0,85.0,1
Noah821,Male,20.0,73.0,55.0,54.0,55.0,400.0,34.0,1
Liam822,Female,20.0,32.0,85.0,88.0,82.0,3.0,86.0,1
Sarah823,Male,18.0,49.0,,49.0,57.0,1.0,73.0,0
Emma824,Female,19.0,47.0,72.0,58.0,98.0,4.0,38.0,1
Sophia825,Female,22.0,80.0,41.0,25.0,,9.0,46.0,1
Olivia826,Male,21.0,46.0,76.0,33.0,57.0,6.0,,0
Sophia827,Male,21.0,26.0,54.0,95.0,50.0,8.0,93.0,1
Noah828,Male,18.0,74.0,100.0,73.0,54.0,7.0,50.0,1
Sophia829,Female,17.0,74.0,53.0,,69.0,10.0,31.0,1
Liam830,,16.0,70.0,83.0,77.0,,10.0,35.0,1
Olivia831,,16.0,,26.0,56.0,79.0,6.0,27.0,0
Sarah832,Male,19.0,52.0,80.0,76.0,74.0,2.0,49.0,1
Emma833,Female,16.0,64.0,95.0,78.0,59.0,1.0,74.0,1
Sarah834,Female,21.0,94.0,80.0,98.0,58.0,2.0,95.0,1
Allen835,Male,,35.0,95.0,49.0,78.0,6.0,47.0,1
Mia836,Male,19.0,98.0,43.0,86.0,71.0,2.0,61.0,1
Mia837,Female,,99.0,,,71.0,1.0,77.0,1
John838,Male,17.0,59.0,88.0,99.0,59.0,9.0,54.0,1
David839,Female,19.0,39.0,57.0,53.0,94.0,8.0,47.0,1
Mia840,Male,19.0,36.0,47.0,62.0,61.0,7.0,59.0,0
Noah841,Female,17.0,66.0,26.0,74.0,91.0,5.0,42.0,1
Sophia842,Male,19.0,,37.0,36.0,73.0,8.0,85.0,0
Sophia843,Male,17.0,63.0,89.0,53.0,50.0,7.0,250.0,1
John844,Male,17.0,33.0,57.0,90.0,81.0,6.0,96.0,1
Sarah845,Female,22.0,64.0,26.0,92.0,,2.0,93.0,0
Allen846,,18.0,,30.0,100.0,87.0,7.0,44.0,1
Sarah847,Female,19.0,25.0,59.0,52.0,99.0,2.0,70.0,0
Olivia848,Female,21.0,32.0,,97.0,91.0,6.0,56.0,1
David849,Male,17.0,25.0,30.0,98.0,74.0,6.0,93.0,0
Emma850,Female,18.0,51.0,100.0,41.0,90.0,9.0,,1
David851,Male,20.0,42.0,23.0,50.0,73.0,9.0,85.0,0
Liam852,Female,20.0,79.0,41.0,25.0,73.0,2.0,22.0,0
Olivia853,Male,20.0,27.0,,36.0,69.0,5.0,,0
Sophia854,Female,21.0,39.0,89.0,,70.0,3.0,37.0,1
Liam855,Female,17.0,36.0,58.0,69.0,58.0,9.0,61.0,1
Sophia856,Female,22.0,31.0,87.0,62.0,88.0,8.0,32.0,1
Sophia857,Male,20.0,52.0,98.0,32.0,59.0,6.0,61.0,1
Noah858,Male,16.0,43.0,,,,1.0,38.0,0
David859,Female,18.0,63.0,39.0,78.0,79.0,1.0,63.0,0
David860,Male,21.0,60.0,27.0,65.0,95.0,9.0,71.0,1
Olivia861,Female,19.0,55.0,37.0,29.0,69.0,2.0,44.0,0
Noah862,,18.0,90.0,89.0,43.0,76.0,9.0,88.0,1
John863,Male,16.0,37.0,76.0,99.0,94.0,,50.0,1
Allen864,Male,22.0,39.0,68.0,88.0,99.0,3.0,40.0,1
Sophia865,Female,19.0,55.0,20.0,49.0,,6.0,58.0,0
Sophia866,Female,22.0,24.0,66.0,75.0,58.0,10.0,77.0,1
Emma867,Female,21.0,20.0,82.0,90.0,85.0,3.0,21.0,1
Olivia868,Female,18.0,92.0,23.0,83.0,52.0,2.0,80.0,1
John869,Female,18.0,49.0,53.0,77.0,91.0,2.0,76.0,0
Sophia870,Female,20.0,59.0,87.0,97.0,,6.0,82.0,1
Sarah871,Male,19.0,35.0,85.0,64.0,95.0,3.0,,1
Noah872,Male,17.0,48.0,50.0,48.0,71.0,1.0,71.0,0
David873,Male,20.0,73.0,58.0,91.0,74.0,10.0,58.0,1
Mia874,Male,19.0,78.0,79.0,56.0,75.0,1.0,32.0,1
Liam875,Female,17.0,84.0,23.0,82.0,,4.0,54.0,1
Olivia876,Male,18.0,20.0,94.0,65.0,72.0,7.0,96.0,1
John877,Female,18.0,999.0,59.0,38.0,61.0,1.0,95.0,0
John878,Female,,84.0,33.0,,73.0,4.0,72.0,0
Sophia879,Female,18.0,88.0,23.0,29.0,84.0,5.0,91.0,0
Olivia880,,21.0,,93.0,52.0,98.0,1.0,64.0,1
Noah881,Female,18.0,22.0,67.0,26.0,87.0,1.0,50.0,0
Sophia882,Female,16.0,96.0,63.0,29.0,84.0,5.0,64.0,1
John883,Male,21.0,78.0,77.0,50.0,61.0,9.0,55.0,1
Sophia884,Female,21.0,52.0,72.0,99.0,85.0,10.0,45.0,1
John885,Male,20.0,88.0,93.0,999.0,59.0,8.0,63.0,1
Emma886,Female,19.0,44.0,20.0,31.0,95.0,9.0,36.0,0
Emma887,Male,21.0,20.0,23.0,96.0,73.0,6.0,22.0,0
Allen888,Male,,95.0,,77.0,63.0,2.0,49.0,1
John889,Male,19.0,94.0,34.0,61.0,77.0,6.0,80.0,1
Emma890,Female,21.0,40.0,61.0,68.0,100.0,8.0,43.0,1
Sophia891,Male,19.0,91.0,83.0,33.0,54.0,4.0,67.0,1
Emma892,Female,19.0,80.0,68.0,37.0,89.0,7.0,83.0,1
Emma893,Female,20.0,32.0,96.0,91.0,60.0,6.0,67.0,1
Sarah894,Male,17.0,77.0,70.0,84.0,81.0,7.0,88.0,1
Emma895,Female,22.0,62.0,28.0,29.0,69.0,2.0,80.0,0
Emma896,Female,16.0,71.0,29.0,,52.0,9.0,75.0,1
Sarah897,,21.0,36.0,45.0,64.0,76.0,6.0,46.0,0
Olivia898,Male,20.0,53.0,45.0,20.0,65.0,6.0,84.0,0
Allen899,Female,16.0,98.0,33.0,23.0,99.0,7.0,87.0,1
Noah900,Female,22.0,22.0,99.0,77.0,59.0,10.0,24.0,1
Emma901,Female,18.0,93.0,54.0,88.0,79.0,1.0,56.0,1
Olivia902,Male,16.0,29.0,,20.0,83.0,7.0,34.0,0
Liam903,Male,22.0,35.0,54.0,21.0,74.0,,88.0,0
Sophia904,Female,22.0,48.0,35.0,61.0,88.0,1.0,86.0,0
Noah905,Male,20.0,21.0,30.0,42.0,98.0,4.0,48.0,0
Emma906,Female,19.0,27.0,64.0,75.0,92.0,3.0,84.0,0
Liam907,Female,20.0,20.0,,63.0,76.0,4.0,77.0,0
Sarah908,Female,21.0,69.0,,,76.0,10.0,69.0,1
John909,Male,18.0,89.0,35.0,82.0,53.0,2.0,98.0,1
Allen910,Male,22.0,99.0,87.0,49.0,,10.0,73.0,1
Noah911,Female,17.0,63.0,100.0,78.0,,8.0,53.0,1
Sophia912,Female,,89.0,49.0,81.0,69.0,10.0,94.0,1
Mia913,Female,21.0,20.0,89.0,36.0,54.0,2.0,48.0,0
Emma914,Male,19.0,40.0,20.0,89.0,66.0,6.0,,0
Sarah915,Female,21.0,51.0,61.0,37.0,76.0,5.0,66.0,0
Olivia916,Male,20.0,59.0,96.0,83.0,92.0,1.0,49.0,1
John917,Female,21.0,46.0,81.0,37.0,57.0,9.0,,1
Sophia918,Male,18.0,43.0,99.0,,93.0,999.0,100.0,1
Mia919,Female,20.0,28.0,22.0,45.0,86.0,5.0,29.0,0
John920,Female,16.0,45.0,92.0,,67.0,4.0,53.0,1
Noah921,Female,17.0,52.0,68.0,72.0,56.0,7.0,87.0,1
Emma922,Female,17.0,38.0,87.0,46.0,81.0,9.0,41.0,1
Sarah923,Male,19.0,29.0,80.0,64.0,250.0,6.0,31.0,1
Sarah924,,,23.0,32.0,93.0,86.0,10.0,30.0,1
John925,Male,20.0,73.0,87.0,63.0,73.0,7.0,92.0,1
Noah926,Male,22.0,88.0,25.0,58.0,98.0,4.0,47.0,1
Emma927,Female,17.0,75.0,80.0,48.0,97.0,2.0,,1
Noah928,Female,21.0,58.0,75.0,53.0,95.0,8.0,25.0,1
Liam929,Male,21.0,80.0,40.0,88.0,69.0,5.0,33.0,1
Liam930,Male,17.0,76.0,76.0,64.0,80.0,9.0,55.0,1
Sophia931,Male,19.0,22.0,100.0,91.0,55.0,6.0,56.0,1
Emma932,Female,18.0,72.0,83.0,97.0,,1.0,39.0,1
Emma933,Female,17.0,71.0,62.0,69.0,58.0,10.0,76.0,1
Mia934,Male,21.0,95.0,96.0,50.0,71.0,,38.0,1
Sophia935,Male,21.0,59.0,67.0,73.0,91.0,8.0,,1
Noah936,Female,17.0,55.0,86.0,49.0,64.0,8.0,54.0,1
Emma937,Male,17.0,80.0,29.0,73.0,82.0,5.0,29.0,1
John938,Male,18.0,83.0,48.0,80.0,55.0,8.0,67.0,1
David939,Female,17.0,26.0,40.0,45.0,86.0,8.0,97.0,0
Emma940,Female,19.0,20.0,33.0,70.0,66.0,4.0,,0
Mia941,Male,18.0,96.0,26.0,52.0,90.0,3.0,50.0,0
Emma942,Female,17.0,80.0,999.0,38.0,63.0,9.0,64.0,0
David943,Male,18.0,79.0,28.0,49.0,74.0,5.0,77.0,0
Emma944,Male,17.0,51.0,84.0,47.0,78.0,3.0,,1
Olivia945,Female,22.0,43.0,43.0,39.0,67.0,7.0,21.0,0
Mia946,Male,22.0,30.0,74.0,40.0,64.0,2.0,49.0,0
Sarah947,Male,21.0,29.0,69.0,86.0,72.0,999.0,24.0,1
Sophia948,Male,19.0,94.0,77.0,61.0,55.0,6.0,31.0,1
John949,Female,16.0,50.0,53.0,96.0,90.0,9.0,26.0,1
Olivia950,Male,21.0,80.0,51.0,96.0,81.0,2.0,47.0,1
Sarah951,Male,,37.0,99.0,21.0,50.0,2.0,42.0,0
David952,Male,22.0,34.0,32.0,63.0,65.0,9.0,97.0,0
Allen953,Male,20.0,73.0,84.0,86.0,52.0,2.0,32.0,1
Sarah954,Male,16.0,33.0,56.0,52.0,96.0,7.0,89.0,0
Noah955,Male,20.0,50.0,28.0,92.0,78.0,1.0,67.0,0
Noah956,Female,,74.0,43.0,26.0,87.0,,94.0,0
Liam957,Male,16.0,84.0,53.0,,84.0,10.0,83.0,1
Liam958,Male,18.0,34.0,52.0,36.0,82.0,1.0,88.0,0
Sarah959,Female,17.0,65.0,62.0,52.0,58.0,,67.0,1
Sarah960,Male,16.0,58.0,63.0,98.0,78.0,5.0,58.0,1
Emma961,Male,22.0,31.0,78.0,94.0,100.0,2.0,34.0,1
Sarah962,Male,18.0,93.0,82.0,82.0,85.0,7.0,80.0,1
Allen963,Female,16.0,79.0,26.0,82.0,75.0,1.0,61.0,0
Olivia964,Male,20.0,22.0,85.0,90.0,80.0,6.0,51.0,1
Emma965,Male,18.0,68.0,96.0,33.0,91.0,,84.0,1
Allen966,Female,20.0,22.0,97.0,38.0,52.0,6.0,35.0,0
John967,Male,17.0,31.0,54.0,79.0,76.0,6.0,38.0,1
Emma968,Female,16.0,35.0,28.0,91.0,99.0,10.0,76.0,1
John969,Female,17.0,62.0,39.0,79.0,95.0,1.0,47.0,0
Emma970,Male,22.0,94.0,,68.0,73.0,8.0,30.0,1
Olivia971,Male,22.0,89.0,38.0,83.0,84.0,6.0,52.0,1
David972,Female,20.0,55.0,73.0,59.0,95.0,9.0,49.0,1
Emma973,Female,18.0,68.0,28.0,54.0,80.0,1.0,54.0,0
David974,Male,19.0,39.0,61.0,26.0,95.0,10.0,74.0,0
Liam975,Male,20.0,94.0,43.0,29.0,94.0,8.0,36.0,1
David976,Male,20.0,85.0,79.0,83.0,58.0,7.0,90.0,1
Allen977,Female,16.0,52.0,85.0,29.0,91.0,,40.0,1
Liam978,Female,19.0,34.0,40.0,97.0,97.0,5.0,57.0,1
Sophia979,Male,18.0,21.0,72.0,67.0,73.0,9.0,29.0,1
Mia980,Female,19.0,89.0,85.0,77.0,54.0,1.0,65.0,1
John981,Male,19.0,-30.0,48.0,27.0,71.0,1.0,99.0,0
Olivia982,Male,16.0,32.0,65.0,57.0,54.0,9.0,84.0,1
John983,Male,18.0,55.0,26.0,96.0,65.0,2.0,47.0,0
Noah984,Female,20.0,67.0,87.0,66.0,84.0,6.0,47.0,1
Allen985,Male,19.0,29.0,44.0,,82.0,8.0,21.0,0
Sarah986,Male,16.0,60.0,91.0,85.0,97.0,,40.0,1
Emma987,Female,22.0,37.0,65.0,44.0,85.0,8.0,100.0,0
Sophia988,Female,16.0,61.0,81.0,45.0,68.0,8.0,88.0,1
Allen989,Female,18.0,29.0,94.0,42.0,72.0,7.0,,1
John990,Female,20.0,78.0,90.0,55.0,91.0,9.0,81.0,1
Emma991,Male,22.0,71.0,75.0,25.0,53.0,7.0,37.0,1
Allen992,Male,22.0,53.0,84.0,73.0,56.0,8.0,75.0,1
Noah993,Female,16.0,85.0,44.0,36.0,99.0,9.0,64.0,1
Sarah994,Male,18.0,66.0,43.0,58.0,77.0,4.0,60.0,0
Sophia995,Female,21.0,82.0,72.0,62.0,68.0,4.0,78.0,1
Mia996,Female,19.0,30.0,57.0,34.0,80.0,3.0,64.0,0
Emma997,Female,17.0,49.0,51.0,43.0,79.0,3.0,94.0,0
David998,Male,21.0,83.0,,97.0,98.0,9.0,76.0,1
John999,Female,18.0,34.0,29.0,31.0,400.0,2.0,67.0,0
